Animal,Body Weight,Breed
2,463,Angus
2,468.893965527545,Angus
2,467.87530181087357,Angus
5,496,Simmental
5,495.00331525580947,Simmental
5,493.65633672068293,Simmental
7,518,Limousin
7,509.32206216805395,Limousin
7,506.5957643353852,Limousin
10,541,Limousin
10,547.3608903574116,Limousin
10,533.9288164775115,Limousin
