Animal,Breast Circumference,Body Weight
3,178,481
3,178.62573786237243,485.715172422036
3,178.6583538669982,484.90024144869886
5,179,496
5,178.3002677692518,495.20265220464756
5,178.4970395249316,494.1250693765463
7,181,518
7,180.96377429231086,511.05764973444315
7,181.29339380064772,508.87661146830817
10,184,541
10,185.19143370525796,546.0887122859293
10,182.3497163990081,535.3430531820093
