Animal,Breast Circumference,Body Weight
3,178,481
3,178.31286893118622,486.893965527545
3,178.3291769334991,485.87530181087357
5,179,496
5,178.65013388462592,495.00331525580947
5,178.7485197624658,493.65633672068293
7,181,518
7,180.98188714615543,509.32206216805395
7,181.14669690032386,506.5957643353852
10,184,541
10,184.59571685262898,547.3608903574116
10,183.17485819950406,533.9288164775115
