ID,SIRE,DAM,SEX,P
1,0,0,m,13.32411226221102
2,0,0,m,5.238723948821544
3,0,0,f,27.47154626984796
4,0,0,f,27.96508794882007
5,1,4,f,22.901516015860256
6,2,4,f,20.13591248173864
7,1,3,m,22.387558967717737
8,2,3,m,0.7042057839937097
9,1,6,m,15.232584453937676
10,8,5,m,1.5805662271295693
11,1,6,m,3.030571353300579
12,8,5,f,33.69339665182289
